,name,day,S,E,I,R
0,P1,1,14473.0,0.0,0.0,0.0
1,P2,1,19804.0,0.0,0.0,0.0
2,P3,1,1995.020980980981,0.979019019019019,1.78,0.22
3,P4,1,16648.0,0.0,0.0,0.0
4,P5,1,2456.0,0.0,0.0,0.0
5,P6,1,16204.510030235715,0.48996976428483274,0.89,0.11
6,P7,1,11931.0,0.0,0.0,0.0
7,P8,1,6932.530635721493,1.469364278506559,2.67,0.33
8,P9,1,8586.020228198859,0.9797718011409943,1.78,0.22
9,P10,1,7944.0,0.0,0.0,0.0
10,P1,2,14473.0,0.0,0.0,0.0
11,P2,2,19804.0,0.0,0.0,0.0
12,P3,2,1994.1500814316257,1.6541147645703762,1.7800038038038037,0.4158
13,P4,2,16648.0,0.0,0.0,0.0
14,P5,2,2456.0,0.0,0.0,0.0
15,P6,2,16204.073970330483,0.8280357166596195,0.8900939528569666,0.2079
16,P7,2,11931.0,0.0,0.0,0.0
17,P8,2,6931.22317863187,2.4829485124282007,2.6701728557013116,0.6237
18,P9,2,8585.148330790193,1.6557148495791179,1.7801543602281988,0.4158
19,P10,2,7944.0,0.0,0.0,0.0
20,P1,3,14473.0,0.0,0.0,0.0
21,P2,3,19804.0,0.0,0.0,0.0
22,P3,3,1993.279560201471,2.1938130418109254,1.9150263382994606,0.6116004184184184
23,P4,3,16648.0,0.0,0.0,0.0
24,P5,3,2456.0,0.0,0.0,0.0
25,P6,3,16203.637876128101,1.0985227757090783,0.9577907613746242,0.30581033481426634
26,P7,3,11931.0,0.0,0.0,0.0
27,P8,3,6929.915883496464,3.2936539453485554,2.8730435440598074,0.9174190141271443
28,P9,3,8584.2764463188,2.196456351055585,1.9154803505189206,0.6116169796251019
29,P10,3,7944.0,0.0,0.0,0.0
30,P1,4,14473.0,0.0,0.0,0.0
31,P2,4,19804.0,0.0,0.0,0.0
32,P3,4,1992.343414255467,2.691196379452791,2.143136049448705,0.8222533156313591
33,P4,4,16648.0,0.0,0.0,0.0
34,P5,4,2456.0,0.0,0.0,0.0
35,P6,4,16203.168627060928,1.3480672877413686,1.0721383327652312,0.411167318565475
36,P7,4,11931.0,0.0,0.0,0.0
37,P8,4,6928.509529806961,4.0412768457813595,3.2157395432829396,1.233453803973723
38,P9,4,8583.33837712569,2.6952342739530444,2.1440687821729565,0.8223198181821831
39,P10,4,7944.0,0.0,0.0,0.0
40,P1,5,14473.0,0.0,0.0,0.0
41,P2,5,19804.0,0.0,0.0,0.0
42,P3,5,1991.2962506583465,3.2001207006826418,2.4456303598999054,1.0579982810707165
43,P4,5,16648.0,0.0,0.0,0.0
44,P5,5,2456.0,0.0,0.0,0.0
45,P6,5,16202.643371062119,1.6037098290016962,1.2238165737093296,0.5291025351696504
46,P7,5,11931.0,0.0,0.0,0.0
47,P8,5,6926.935746007797,4.806805275788463,3.6702635626780884,1.5871851537348465
48,P9,5,8582.288475943713,3.206088601139257,2.4472680709245402,1.0581673842212083
49,P10,5,7944.0,0.0,0.0,0.0
50,P1,6,14473.0,0.0,0.0,0.0
51,P2,6,19804.0,0.0,0.0,0.0
52,P3,6,1990.1019125515293,3.7544346673633324,2.8166351604474444,1.327017620659706
53,P4,6,16648.0,0.0,0.0,0.0
54,P5,6,2456.0,0.0,0.0,0.0
55,P6,6,16202.043825146238,1.8825137790812556,1.4099387164016426,0.6637223582776767
56,P7,6,11931.0,0.0,0.0,0.0
57,P8,6,6925.139926037191,5.641264191237163,4.2278956259411915,1.9909141456294361
58,P9,6,8581.090251624735,3.7630951998884616,2.819286303350692,1.3273668720229077
59,P10,6,7944.0,0.0,0.0,0.0
60,P1,7,14473.0,0.0,0.0,0.0
61,P2,7,19804.0,0.0,0.0,0.0
62,P3,7,1988.7272170561912,4.378243229228758,3.2576922262708923,1.6368474883089248
63,P4,7,16648.0,0.0,0.0,0.0
64,P5,7,2456.0,0.0,0.0,0.0
65,P6,7,16201.353123828934,2.1967123405682147,1.631348213413713,0.8188156170818573
66,P7,7,11931.0,0.0,0.0,0.0
67,P8,7,6923.071799078399,6.581138311781491,4.891079945335093,2.455982664482967
68,P9,7,8579.710073535904,4.390654248741677,3.261783849959808,1.6374883653914838
69,P10,7,7944.0,0.0,0.0,0.0
70,P1,8,14473.0,0.0,0.0,0.0
71,P2,8,19804.0,0.0,0.0,0.0
72,P3,8,1987.1383562025192,5.091455437055117,3.774994727226846,1.995193633198723
73,P4,8,16648.0,0.0,0.0,0.0
74,P5,8,2456.0,0.0,0.0,0.0
75,P6,8,16200.553992411435,2.5565012899534656,1.8912423780518475,0.9982639205573658
76,P7,8,11931.0,0.0,0.0,0.0
77,P8,8,6920.679981889134,7.656727838689683,5.669288813704531,2.9940014584698273
78,P9,8,8578.113528154596,5.109068780300417,3.7811184762125647,1.9962845888870626
79,P10,8,7944.0,0.0,0.0,0.0
80,P1,9,14473.0,0.0,0.0,0.0
81,P2,9,19804.0,0.0,0.0,0.0
82,P3,9,1985.2986644906582,5.9128560615049635,4.378036394642916,2.410443053193676
83,P4,9,16648.0,0.0,0.0,0.0
84,P5,9,2456.0,0.0,0.0,0.0
85,P6,9,16199.6275950656,2.9715983777975943,2.1945059744568374,1.206300582143069
86,P7,9,11931.0,0.0,0.0,0.0
87,P8,9,6917.90856579194,8.896798368145193,6.577012611934969,3.617623227977326
88,P9,9,8576.263128440933,5.937654737903578,4.387009199889266,2.412207621270445
89,P10,9,7944.0,0.0,0.0,0.0
90,P1,10,14473.0,0.0,0.0,0.0
91,P2,10,19804.0,0.0,0.0,0.0
92,P3,10,1983.1670639873478,6.86188535251442,5.079023603533188,2.892027056604397
93,P4,10,16648.0,0.0,0.0,0.0
94,P5,10,2456.0,0.0,0.0,0.0
95,P6,10,16198.552709962843,3.452163804993856,2.547429992826104,1.447696239333321
96,P7,10,11931.0,0.0,0.0,0.0
97,P8,10,6914.694698958459,10.331305527997344,7.632900898251162,4.341094615290173
98,P9,10,8574.116681686932,6.896570544324413,5.091969135482162,2.894778633258264
99,P10,10,7944.0,0.0,0.0,0.0
100,P1,11,14473.0,0.0,0.0,0.0
101,P2,11,19804.0,0.0,0.0,0.0
102,P3,11,1980.6968184214852,7.95975384787403,5.892708077647422,3.4507196529930475
103,P4,11,16648.0,0.0,0.0,0.0
104,P5,11,2456.0,0.0,0.0,0.0
105,P6,11,16197.305042881717,4.009398125121187,2.957645454614004,1.7279135385441924
106,P7,11,11931.0,0.0,0.0,0.0
107,P8,11,6910.966603543206,11.993139837652041,8.859542905043003,5.1807137140978
108,P9,11,8571.625940345853,8.007997776537021,5.911166639444007,3.454895238161302
109,P10,11,7944.0,0.0,0.0,0.0
110,P1,12,14473.0,0.0,0.0,0.0
111,P2,12,19804.0,0.0,0.0,0.0
112,P3,12,1977.8343973057551,9.230224194029248,6.836460958681012,4.098917541534264
113,P4,12,16648.0,0.0,0.0,0.0
114,P5,12,2456.0,0.0,0.0,0.0
115,P6,12,16195.85657416876,4.65598721305308,3.4341840796307013,2.053254538551733
116,P7,12,11931.0,0.0,0.0,0.0
117,P8,12,6906.641719224579,13.919396188747994,10.283621153018682,6.1552634336525305
118,P9,12,8568.735327753102,9.297010813980691,6.8625378644125705,4.105123568500143
119,P10,12,7944.0,0.0,0.0,0.0
120,P1,13,14473.0,0.0,0.0,0.0
121,P2,13,19804.0,0.0,0.0,0.0
122,P3,13,1974.5183412779477,10.700235383030915,7.930495092031951,4.8509282469891755
123,P4,13,16648.0,0.0,0.0,0.0
124,P5,13,2456.0,0.0,0.0,0.0
125,P6,13,16194.174877212481,5.4064867267220125,3.98762127348194,2.43101478731111
126,P7,13,11931.0,0.0,0.0,0.0
127,P8,13,6901.624796841522,16.152439334055654,11.936302063936227,7.286461760484586
128,P9,13,8565.38061793682,10.792318467466927,7.967060862123326,4.860002733585525
129,P10,13,7944.0,0.0,0.0,0.0
130,P1,14,14473.0,0.0,0.0,0.0
131,P2,14,19804.0,0.0,0.0,0.0
132,P3,14,1970.6780685416265,12.400461042745851,9.19818770851462,5.72328270711269
133,P4,14,16648.0,0.0,0.0,0.0
134,P5,14,2456.0,0.0,0.0,0.0
135,P6,14,16192.222368526749,6.277698067108885,4.63028027874333,2.8696531273941233
136,P7,14,11931.0,0.0,0.0,0.0
137,P8,14,6895.805834700761,18.74091360800507,13.853796703714373,8.599454987517571
138,P9,14,8561.487493561657,12.52697914913637,9.249147860783145,5.736379428419092
139,P10,14,7944.0,0.0,0.0,0.0
140,P1,15,14473.0,0.0,0.0,0.0
141,P2,15,19804.0,0.0,0.0,0.0
142,P3,15,1966.2325896998475,14.365847675975695,10.666479269127182,6.735083355049299
143,P4,15,16648.0,0.0,0.0,0.0
144,P5,15,2456.0,0.0,0.0,0.0
145,P6,15,16189.955460056306,7.289066924129403,5.3764890615033405,3.3789839580558896
146,P7,15,11931.0,0.0,0.0,0.0
147,P8,15,6889.057785810795,21.74077977636997,16.078061787906805,10.123372624926152
148,P9,15,8556.969928393333,14.539148487633318,10.737137425924272,6.753785693105238
149,P10,15,7944.0,0.0,0.0,0.0
150,P1,16,14473.0,0.0,0.0,0.0
151,P2,16,19804.0,0.0,0.0,0.0
152,P3,16,1961.0891153321825,16.636152508445562,12.36633608471833,7.908396074653289
153,P4,16,16648.0,0.0,0.0,0.0
154,P5,16,2456.0,0.0,0.0,0.0
155,P6,16,16187.323588648542,8.463124947068382,6.242888649563854,3.9703977548212572
156,P7,16,11931.0,0.0,0.0,0.0
157,P8,16,6881.233982811955,25.216426819936387,18.65763094651105,11.8919594215959
158,P9,16,8551.72835109509,16.87289608835135,12.463882006599267,7.934870809956908
159,P10,16,7944.0,0.0,0.0,0.0
160,P1,17,14473.0,0.0,0.0,0.0
161,P2,17,19804.0,0.0,0.0,0.0
162,P3,17,1955.1415534326743,19.256483906264734,14.333269617088426,9.268693043972306
163,P4,17,16648.0,0.0,0.0,0.0
164,P5,17,2456.0,0.0,0.0,0.0
165,P6,17,16184.268098536102,9.825990070095264,7.248795887525507,4.657115506273281
166,P7,17,11931.0,0.0,0.0,0.0
167,P8,17,6872.165237415837,29.241886852066877,21.64857690638211,13.944298825712115
168,P9,17,8545.64755132456,19.579116641208973,14.467434203543618,9.305897830682827
169,P10,17,7944.0,0.0,0.0,0.0
170,P1,18,14473.0,0.0,0.0,0.0
171,P2,18,19804.0,0.0,0.0,0.0
172,P3,18,1948.2689058840194,22.277834673666728,16.607906740461647,10.845352701852033
173,P4,18,16648.0,0.0,0.0,0.0
174,P5,18,2456.0,0.0,0.0,0.0
175,P6,18,16180.72095158699,11.407939005186824,8.416626353916755,5.454483053901087
176,P7,18,11931.0,0.0,0.0,0.0
177,P8,18,6861.656577641983,33.90216925550756,25.115610817093454,16.325642285414148
178,P9,18,8538.594290071682,22.716554565846003,16.791839769395615,10.897315593072625
179,P10,18,7944.0,0.0,0.0,0.0
180,P1,19,14473.0,0.0,0.0,0.0
181,P2,19,19804.0,0.0,0.0,0.0
182,P3,19,1940.3335868328738,25.757586790078975,19.236603933744213,12.672222443302815
183,P4,19,16648.0,0.0,0.0,0.0
184,P5,19,2456.0,0.0,0.0,0.0
185,P6,19,16176.603237754498,13.244065036642674,9.772385256023277,6.38031195283193
186,P7,19,11931.0,0.0,0.0,0.0
187,P8,19,6849.483592040043,39.29472100634588,29.133327478314687,19.08835947529443
188,P9,19,8530.414575725934,26.352957998425133,19.488048307931297,12.744417967706143
189,P10,19,7944.0,0.0,0.0,0.0
190,P1,20,14473.0,0.0,0.0,0.0
191,P2,20,19804.0,0.0,0.0,0.0
192,P3,20,1931.179702915191,29.759953349745956,22.272094859048146,14.788248876014677
193,P4,20,16648.0,0.0,0.0,0.0
194,P5,20,2456.0,0.0,0.0,0.0
195,P6,20,16171.82345498905,15.375034794762339,11.346235885189252,7.45527433099449
196,P7,20,11931.0,0.0,0.0,0.0
197,P8,20,6835.388357531368,45.53101131375199,33.78760565696925,22.293025497909042
198,P9,20,8520.930566603121,30.566375521551826,22.61495459374388,14.888103281578585
199,P10,20,7944.0,0.0,0.0,0.0
200,P1,21,14473.0,0.0,0.0,0.0
201,P2,21,19804.0,0.0,0.0,0.0
202,P3,21,1920.6313572739168,34.35630832107095,25.774155094502042,17.238179310509974
203,P4,21,16648.0,0.0,0.0,0.0
204,P5,21,2456.0,0.0,0.0,0.0
205,P6,21,16166.275524064033,17.847958760827247,13.173156896770902,8.703360278365308
206,P7,21,11931.0,0.0,0.0,0.0
207,P8,21,6819.074938314863,52.738228267505725,39.17717129745303,26.00966212017566
208,P9,21,8509.937060449729,35.44660657063361,26.24058469274242,17.375748286890413
209,P10,21,7944.0,0.0,0.0,0.0
210,P1,22,14473.0,0.0,0.0,0.0
211,P2,22,19804.0,0.0,0.0,0.0
212,P3,22,1908.4910676162324,39.62533631454121,29.81025969832101,20.0733363709052
213,P4,22,16648.0,0.0,0.0,0.0
214,P5,22,2456.0,0.0,0.0,0.0
215,P6,22,16159.836499436222,20.717391636473234,15.293701390291552,10.152407537010106
216,P7,22,11931.0,0.0,0.0,0.0
217,P8,22,6800.20445931749,61.061061611378065,45.41532810823434,30.319150962895492
218,P9,22,8497.197532583776,41.09681312246019,30.443441690667477,20.26221260309208
219,P10,22,7944.0,0.0,0.0,0.0
220,P1,23,14473.0,0.0,0.0,0.0
221,P2,23,19804.0,0.0,0.0,0.0
222,P3,23,1894.538424455468,45.652912212397354,34.45619839441394,23.35246493772051
223,P4,23,16648.0,0.0,0.0,0.0
224,P5,23,2456.0,0.0,0.0,0.0
225,P6,23,16152.363932496213,24.046480249186782,17.75487256465413,11.834714689942176
226,P7,23,11931.0,0.0,0.0,0.0
227,P8,23,6778.389781042405,70.66352756418695,52.63185433860418,35.314837054801266
228,P9,23,8482.439687731932,47.63529534981073,35.31402572918609,23.610991189065505
229,P10,23,7944.0,0.0,0.0,0.0
230,P1,24,14473.0,0.0,0.0,0.0
231,P2,24,19804.0,0.0,0.0,0.0
232,P3,24,1878.529160195583,52.53159402980288,39.79659901350787,27.142646761106043
233,P4,24,16648.0,0.0,0.0,0.0
234,P5,24,2456.0,0.0,0.0,0.0
235,P6,24,16143.692838457751,27.908278237810432,20.61113263237953,13.78775067205413
236,P7,24,11931.0,0.0,0.0,0.0
237,P8,24,6753.189835883548,81.73076721020675,60.97505587419511,41.10434103204773
238,P9,24,8465.350497400621,55.19742661115945,40.95654196893777,27.495534019275976
239,P10,24,7944.0,0.0,0.0,0.0
240,P1,25,14473.0,0.0,0.0,0.0
241,P2,25,19804.0,0.0,0.0,0.0
242,P3,25,1860.19485331645,60.35958210297534,45.925291927982585,31.52027265259191
243,P4,25,16648.0,0.0,0.0,0.0
244,P5,25,2456.0,0.0,0.0,0.0
245,P6,25,16133.632212813409,32.387248234591524,23.925563690379867,16.05497526161588
246,P7,25,11931.0,0.0,0.0,0.0
247,P8,25,6724.1037320187215,94.47071763299205,70.61395317007499,47.81159717820919
248,P9,25,8445.570706198503,63.937732491045715,47.490807674586506,32.00075363585913
249,P10,25,7944.0,0.0,0.0,0.0
250,P1,26,14473.0,0.0,0.0,0.0
251,P2,26,19804.0,0.0,0.0,0.0
252,P3,26,1839.243554055224,69.23896494360623,52.94542623649957,36.57205476466999
253,P4,26,16648.0,0.0,0.0,0.0
254,P5,26,2456.0,0.0,0.0,0.0
255,P6,26,16121.96103793486,37.58097346622236,27.771201331356387,18.686787267557666
256,P7,26,11931.0,0.0,0.0,0.0
257,P8,26,6690.564793347637,109.11551277747816,81.74056184796515,55.57913202691744
258,P9,26,8422.688808735003,74.03208345633587,55.05436532859113,37.22474248006364
259,P10,26,7944.0,0.0,0.0,0.0
260,P1,27,14473.0,0.0,0.0,0.0
261,P2,27,19804.0,0.0,0.0,0.0
262,P3,27,1815.3616863766092,79.2730396334997,60.969222339205864,42.396051650684946
263,P4,27,16648.0,0.0,0.0,0.0
264,P5,27,2456.0,0.0,0.0,0.0
265,P6,27,16108.423715297442,43.6021014103948,32.23256387815166,21.74161941400687
266,P7,27,11931.0,0.0,0.0,0.0
267,P8,27,6651.93478651596,125.92241705365916,94.57220260018462,64.57059383019362
268,P9,27,8396.23452587375,85.67994962632322,63.804801833713285,43.28072266620866
269,P10,27,7944.0,0.0,0.0,0.0
270,P1,28,14473.0,0.0,0.0,0.0
271,P2,28,19804.0,0.0,0.0,0.0
272,P3,28,1788.2176507216755,90.56246736173364,70.11721580859316,49.10266610799759
273,P4,28,16648.0,0.0,0.0,0.0
274,P5,28,2456.0,0.0,0.0,0.0
275,P6,28,16092.724854367785,50.580542057973524,37.40740213363394,25.287201440603553
276,P7,28,11931.0,0.0,0.0,0.0
277,P8,28,6607.498692972113,145.17402718677417,109.35374372489615,74.97353611621392
278,P9,28,8365.671848118987,99.10663745582055,73.92226355726947,50.299250867917124
279,P10,28,7944.0,0.0,0.0,0.0
280,P1,29,14473.0,0.0,0.0,0.0
281,P2,29,19804.0,0.0,0.0,0.0
282,P3,29,1757.4676141676666,103.20001044339578,80.51681554199465,56.81555984694284
283,P4,29,16648.0,0.0,0.0,0.0
284,P5,29,2456.0,0.0,0.0,0.0
285,P6,29,16074.523345992733,58.66594202143115,43.40869631052891,29.402015675303286
286,P7,29,11931.0,0.0,0.0,0.0
287,P8,29,6556.460519095856,167.17739562567576,126.35963735251241,87.0024479259525
288,P9,29,8330.391768295582,114.56538978806287,85.61214205713395,58.430699859216766
289,P10,29,7944.0,0.0,0.0,0.0
290,P1,30,14473.0,0.0,0.0,0.0
291,P2,30,19804.0,0.0,0.0,0.0
292,P3,30,1722.7640151194314,117.26360740295188,92.29996792105439,65.67240955656226
293,P4,30,16648.0,0.0,0.0,0.0
294,P5,30,2456.0,0.0,0.0,0.0
295,P6,30,16053.425646985654,68.03045262422413,50.366928120656965,34.176972269461466
296,P7,30,11931.0,0.0,0.0,0.0
297,P8,30,6497.940803509952,192.261632086445,145.8955563688712,100.90200803472887
298,P9,30,8289.704899638595,132.3391804874373,99.1078843884618,67.8480354855015
299,P10,30,7944.0,0.0,0.0,0.0
300,P1,31,14473.0,0.0,0.0,0.0
301,P2,31,19804.0,0.0,0.0,0.0
302,P3,31,1683.7673078960959,132.80759314569707,105.59969293032879,75.82540602787824
303,P4,31,16648.0,0.0,0.0,0.0
304,P5,31,2456.0,0.0,0.0,0.0
305,P6,31,16028.978204651365,78.87180443366897,58.432656552229524,39.71733436273373
306,P7,31,11931.0,0.0,0.0,0.0
307,P8,31,6430.976678167262,220.77343101184542,168.29937158558437,116.9505192353047
308,P9,31,8242.834273691937,152.74197033660778,114.67385320321846,78.74990276823229
309,P10,31,7944.0,0.0,0.0,0.0
310,P1,32,14473.0,0.0,0.0,0.0
311,P2,32,19804.0,0.0,0.0,0.0
312,P3,32,1640.1614008724835,149.85198154017002,120.54524533713203,87.44137225021441
313,P4,32,16648.0,0.0,0.0,0.0
314,P5,32,2456.0,0.0,0.0,0.0
315,P6,32,16000.65895675709,91.41669144121059,67.77942521821808,46.14492658347898
316,P7,32,11931.0,0.0,0.0,0.0
317,P8,32,6354.525564793704,253.0698581830353,193.94112691353916,135.46345010971896
318,P9,32,8188.908740094882,176.11910986634123,132.60812341818598,91.36402662058632
319,P10,32,7944.0,0.0,0.0,0.0
320,P1,33,14473.0,0.0,0.0,0.0
321,P2,33,19804.0,0.0,0.0,0.0
322,P3,33,1591.6730662149623,168.3699198896571,137.2556646580815,100.70134923729894
323,P4,33,16648.0,0.0,0.0,0.0
324,P5,33,2456.0,0.0,0.0,0.0
325,P6,33,15967.867855996332,105.92445391372665,78.6070267324562,53.600663357482965
326,P7,33,11931.0,0.0,0.0,0.0
327,P8,33,6267.473829745682,289.50762159444935,223.2215745896569,156.79697407020828
328,P9,33,8126.957552270373,202.84647571758273,153.2450518154538,105.95092019658678
329,P10,33,7944.0,0.0,0.0,0.0
330,P1,34,14473.0,0.0,0.0,0.0
331,P2,34,19804.0,0.0,0.0,0.0
332,P3,34,1538.09528299943,188.273719127258,155.83152552362395,115.7994723496879
333,P4,34,16648.0,0.0,0.0,0.0
334,P5,34,2456.0,0.0,0.0,0.0
335,P6,34,15929.916391010885,122.69102811642804,91.14514457463136,62.247436298053145
336,P7,34,11931.0,0.0,0.0,0.0
337,P8,34,6168.6519564981845,330.42797052305787,256.56872570368455,181.35134727507054
338,P9,34,8055.906922943578,233.32780990086056,176.95739125927042,122.8078758962867
339,P10,34,7944.0,0.0,0.0,0.0
340,P1,35,14473.0,0.0,0.0,0.0
341,P2,35,19804.0,0.0,0.0,0.0
342,P3,35,1479.3139867873476,209.40027151388887,176.34480154147693,132.94094015728655
343,P4,35,16648.0,0.0,0.0,0.0
344,P5,35,2456.0,0.0,0.0,0.0
345,P6,35,15886.016112044143,142.05310145988523,105.65738429470753,72.2734022012626
346,P7,35,11931.0,0.0,0.0,0.0
347,P8,35,6056.857988763391,376.136344153239,294.43175998089083,209.57390710247583
348,P9,35,7974.579572387905,267.98959847636195,204.1576402009228,142.27318893480646
349,P10,35,7944.0,0.0,0.0,0.0
350,P1,36,14473.0,0.0,0.0,0.0
351,P2,36,19804.0,0.0,0.0,0.0
352,P3,36,1415.3370236268884,231.49718037157027,198.82692767469223,152.33886832684902
353,P4,36,16648.0,0.0,0.0,0.0
354,P5,36,2456.0,0.0,0.0,0.0
355,P6,36,15835.266222772363,164.3923704396878,122.44569231426675,83.89571447368043
356,P7,36,11931.0,0.0,0.0,0.0
357,P8,36,5930.891091658432,426.87597242755055,337.2715352136406,241.96140070037382
358,P9,36,7881.698566441268,307.2726847277268,235.29821947409368,164.73052935690797
359,P10,36,7944.0,0.0,0.0,0.0
360,P1,37,14473.0,0.0,0.0,0.0
361,P2,37,19804.0,0.0,0.0,0.0
362,P3,37,1346.3232674228498,254.21150050129472,223.25540170479013,174.20983037106518
363,P4,37,16648.0,0.0,0.0,0.0
364,P5,37,2456.0,0.0,0.0,0.0
365,P6,37,15776.640376390915,190.1397427331992,141.85514024763498,97.36474062824978
366,P7,37,11931.0,0.0,0.0,0.0
367,P8,37,5789.596992711108,482.79487688936445,385.54686082565024,279.06126957387426
368,P9,37,7775.897038537388,351.61967568606104,270.8699522774887,190.61333349905829
369,P10,37,7944.0,0.0,0.0,0.0
370,P1,38,14473.0,0.0,0.0,0.0
371,P2,38,19804.0,0.0,0.0,0.0
372,P3,38,1272.6089373289724,277.0835304949132,249.53960761752217,198.76792455859209
373,P4,38,16648.0,0.0,0.0,0.0
374,P5,38,2456.0,0.0,0.0,0.0
375,P6,38,15708.972920431244,219.77925014623,164.27902336703497,112.96880605548962
376,P7,38,11931.0,0.0,0.0,0.0
377,P8,38,5631.926693801948,543.9062004206514,439.69568151270164,321.47142426469577
378,P9,38,7655.735685495798,401.4570935904382,311.3981926641772,220.40902824958204
379,P10,38,7944.0,0.0,0.0,0.0
380,P1,39,14473.0,0.0,0.0,0.0
381,P2,39,19804.0,0.0,0.0,0.0
382,P3,39,1194.7273036517474,299.54845807315553,277.5069568785774,226.21728139651952
383,P4,39,16648.0,0.0,0.0,0.0
384,P5,39,2456.0,0.0,0.0,0.0
385,P6,39,15630.944979086116,253.85134146211206,190.16418082590712,131.03949862586347
386,P7,39,11931.0,0.0,0.0,0.0
387,P8,39,5457.009065940942,610.042588197528,500.11039663043476,369.8379492310929
388,P9,39,7519.730177819789,457.1711825483592,357.43581018920537,254.66282944264154
389,P10,39,7944.0,0.0,0.0,0.0
390,P1,40,14473.0,0.0,0.0,0.0
391,P2,40,19804.0,0.0,0.0,0.0
392,P3,40,1113.4174348906308,320.94863521964095,306.890883236565,256.74304665316305
393,P4,40,16648.0,0.0,0.0,0.0
394,P5,40,2456.0,0.0,0.0,0.0
395,P6,40,15541.070953091636,292.95509916416955,220.01638922747975,151.95755851671325
396,P7,40,11931.0,0.0,0.0,0.0
397,P8,40,5264.236626196388,680.8065103025755,567.1067706405926,424.8500928604407
398,P9,40,7366.390765109172,519.0763587493037,409.55210757806464,293.98076856345415
399,P10,40,7944.0,0.0,0.0,0.0
400,P1,41,14473.0,0.0,0.0,0.0
401,P2,41,19804.0,0.0,0.0,0.0
402,P3,41,1029.6177084630822,340.5586346032615,337.32261312447105,290.5010438091852
403,P4,41,16648.0,0.0,0.0,0.0
404,P5,41,2456.0,0.0,0.0,0.0
405,P6,41,15437.686265028242,337.7487673947301,254.4056062452909,176.15936133173602
406,P7,41,11931.0,0.0,0.0,0.0
407,P8,41,5053.361856965398,755.5199774730506,640.8863279306424,487.2318376309059
408,P9,41,7194.27629044203,587.3755616665853,468.31664749433827,339.03150039704127
409,P10,41,7944.0,0.0,0.0,0.0
410,P1,42,14473.0,0.0,0.0,0.0
411,P2,42,19804.0,0.0,0.0,0.0
412,P3,42,944.440764214024,357.62385193166745,368.32885260143155,327.606531252877
413,P4,42,16648.0,0.0,0.0,0.0
414,P5,42,2456.0,0.0,0.0,0.0
415,P6,42,15318.937491283532,388.9477876604937,293.9707430372549,204.14397801871803
416,P7,42,11931.0,0.0,0.0,0.0
417,P8,42,4824.598853236767,833.178985707071,721.4928273528819,557.7293337032766
418,P9,42,7002.06442838486,662.1123113904379,534.2769286032781,390.54633162141846
419,P10,42,7944.0,0.0,0.0,0.0
420,P1,43,14473.0,0.0,0.0,0.0
421,P2,43,19804.0,0.0,0.0,0.0
422,P3,43,859.1285801869191,371.4112655724389,399.33744920160757,368.1227050390345
423,P4,43,16648.0,0.0,0.0,0.0
424,P5,43,2456.0,0.0,0.0,0.0
425,P6,43,15182.776407483803,447.3193139281236,339.4235188352556,236.48075975281608
426,P7,43,11931.0,0.0,0.0,0.0
427,P8,43,4578.7220190061225,912.4200227963013,808.7644134854792,637.0935447120936
428,P9,43,6788.639079267026,743.1151982301833,607.928928735005,449.316793767779
429,P10,43,7944.0,0.0,0.0,0.0
430,P1,44,14473.0,0.0,0.0,0.0
431,P2,44,19804.0,0.0,0.0,0.0
432,P3,44,774.9892980465081,381.26829459836205,429.6925829039185,412.0498244512113
433,P4,44,16648.0,0.0,0.0,0.0
434,P5,44,2456.0,0.0,0.0,0.0
435,P6,44,15026.959933152115,513.6719254741881,391.5507945490022,273.8173468246942
436,P7,44,11931.0,0.0,0.0,0.0
437,P8,44,4317.150354046468,991.5076831966953,902.2843325613367,726.0576301954964
438,P9,44,6553.194331254053,829.9369065971193,689.6797862201911,516.1889759286296
439,P10,44,7944.0,0.0,0.0,0.0
440,P1,45,14473.0,0.0,0.0,0.0
441,P2,45,19804.0,0.0,0.0,0.0
442,P3,45,693.3208770914308,386.6830566337669,458.6800577041599,459.31600857064234
443,P4,45,16648.0,0.0,0.0,0.0
444,P5,45,2456.0,0.0,0.0,0.0
445,P6,45,14849.058484939967,588.8389885914971,451.2145922434496,316.88793422508445
446,P7,45,11931.0,0.0,0.0,0.0
447,P8,45,4042.0032311365358,1068.3532694672886,1001.3345926189287,825.3089067772434
448,P9,45,6295.352117251848,921.7917392799012,779.802391055394,592.0537524128506
449,P10,45,7944.0,0.0,0.0,0.0
450,P1,46,14473.0,0.0,0.0,0.0
451,P2,46,19804.0,0.0,0.0,0.0
452,P3,46,615.3298333693186,387.3374890291257,485.5618626834557,509.7708149180999
453,P4,46,16648.0,0.0,0.0,0.0
454,P5,46,2456.0,0.0,0.0,0.0
455,P6,46,14646.475810865806,673.6538649473584,519.3487848149696,366.5215393718639
456,P7,46,11931.0,0.0,0.0,0.0
457,P8,46,3756.11237733531,1140.5734693750567,1104.8584413243043,935.4557119653255
458,P9,46,6015.287614929269,1017.4978937464996,878.3824758952809,677.8320154289439
459,P10,46,7944.0,0.0,0.0,0.0
460,P1,47,14473.0,0.0,0.0,0.0
461,P2,47,19804.0,0.0,0.0,0.0
462,P3,47,542.0552873096599,383.1445372829594,509.6175555941007,563.1826198132801
463,P4,47,16648.0,0.0,0.0,0.0
464,P5,47,2456.0,0.0,0.0,0.0
465,P6,47,14416.483930515593,768.9149723080997,596.9511914747947,423.6499057015106
466,P7,47,11931.0,0.0,0.0,0.0
467,P8,47,3462.976077974752,1205.5950748606035,1211.4387066536422,1056.990140510999
468,P9,47,5713.852711922206,1115.4332180042618,985.2599822960999,774.4540877774248
469,P10,47,7944.0,0.0,0.0,0.0
470,P1,48,14473.0,0.0,0.0,0.0
471,P2,48,19804.0,0.0,0.0,0.0
472,P3,48,474.30852236839496,374.2623947676325,530.1885319353415,619.2405509286311
473,P4,48,16648.0,0.0,0.0,0.0
474,P5,48,2456.0,0.0,0.0,0.0
475,P6,48,14156.277262799484,875.3386455625892,685.0695548741871,489.31453676373803
476,P7,48,11931.0,0.0,0.0,0.0
477,P8,48,3166.646281531567,1260.8058563316679,1319.2994638938621,1190.2483982428996
478,P9,48,5392.683902203078,1213.5153841225372,1099.9680278443814,882.8326858299957
479,P10,48,7944.0,0.0,0.0,0.0
480,P1,49,14473.0,0.0,0.0,0.0
481,P2,49,19804.0,0.0,0.0,0.0
482,P3,49,412.6359797318229,361.0824584506781,546.7202723759805,677.5612894415187
483,P4,49,16648.0,0.0,0.0,0.0
484,P5,49,2456.0,0.0,0.0,0.0
485,P6,49,13863.05025206767,993.4979271818863,784.7796329505444,564.6721877998987
486,P7,49,11931.0,0.0,0.0,0.0
487,P8,49,2871.5475611384027,1303.743405458499,1426.3376941318709,1335.3713392712245
488,P9,49,5054.277552269408,1309.2186572316991,1221.674621606007,1003.8291688928776
489,P10,49,7944.0,0.0,0.0,0.0
490,P1,50,14473.0,0.0,0.0,0.0
491,P2,50,19804.0,0.0,0.0,0.0
492,P3,50,357.3095217422109,344.1924247501545,558.7975341047583,737.7005194028766
493,P4,50,16648.0,0.0,0.0,0.0
494,P5,50,2456.0,0.0,0.0,0.0
495,P6,50,13534.102618517602,1123.7459752955758,897.1534587623618,650.9979474244585
496,P7,50,11931.0,0.0,0.0,0.0
497,P8,50,2582.238018367373,1332.3042671378287,1530.189228869065,1492.2684856257304
498,P9,50,4702.0136703368635,1399.638807717904,1349.134144675686,1138.2133772695383
499,P10,50,7944.0,0.0,0.0,0.0
500,P1,51,14473.0,0.0,0.0,0.0
501,P2,51,19804.0,0.0,0.0,0.0
502,P3,51,308.34295365700973,324.3205078853248,566.1682903032657,799.1682481544
503,P4,51,16648.0,0.0,0.0,0.0
504,P5,51,2456.0,0.0,0.0,0.0
505,P6,51,13166.975516335113,1266.12388241895,1023.2157733576172,749.6848278883183
506,P7,51,11931.0,0.0,0.0,0.0
507,P8,51,2303.1341877460445,1344.9472443315917,1628.3292671210334,1660.5893008013275
508,P9,51,4340.11040758476,1481.6143089264272,1480.6571503049413,1286.6181331838638
509,P10,51,7944.0,0.0,0.0,0.0
510,P1,52,14473.0,0.0,0.0,0.0
511,P2,52,19804.0,0.0,0.0,0.0
512,P3,52,265.5295095025885,302.26985046268106,568.7538799469714,861.4467600877592
513,P4,52,16648.0,0.0,0.0,0.0
514,P5,52,2456.0,0.0,0.0,0.0
515,P6,52,12759.620095657183,1420.2545266130908,1163.8868147720693,862.2385629576562
516,P7,52,11931.0,0.0,0.0,0.0
517,P8,52,2038.2318100659497,1340.8601731453682,1718.202496604038,1839.705520184641
518,P9,52,3973.4966459162765,1551.9052088096248,1614.1077255566831,1449.4904197174073
519,P10,52,7944.0,0.0,0.0,0.0
520,P1,53,14473.0,0.0,0.0,0.0
521,P2,53,19804.0,0.0,0.0,0.0
522,P3,53,228.49234233676938,278.8530475359639,566.6449232453408,924.0096868819261
523,P4,53,16648.0,0.0,0.0,0.0
524,P5,53,2456.0,0.0,0.0,0.0
525,P6,53,12310.596940066062,1585.2267768815932,1319.9101704697598,990.2661125825838
526,P7,53,11931.0,0.0,0.0,0.0
527,P8,53,1790.85880408218,1320.0611445000643,1797.3722566066676,2028.7077948110853
528,P9,53,3607.5996497016945,1607.4211632622819,1746.936917507373,1627.0422695286425
529,P10,53,7944.0,0.0,0.0,0.0
530,P1,54,14473.0,0.0,0.0,0.0
531,P2,54,19804.0,0.0,0.0,0.0
532,P3,54,196.73945313009884,254.83532723544167,560.0845911955461,986.3406284389135
533,P4,54,16648.0,0.0,0.0,0.0
534,P5,54,2456.0,0.0,0.0,0.0
535,P6,54,11819.30036893092,1759.4779926404144,1491.765407094405,1135.4562313342574
536,P7,54,11931.0,0.0,0.0,0.0
537,P8,54,1563.493723257763,1283.4139964244687,1863.6735372799471,2226.418743037819
538,P9,54,3248.058141294572,1645.4784390169477,1876.2580892340184,1819.2053304544536
539,P10,54,7944.0,0.0,0.0,0.0
540,P1,55,14473.0,0.0,0.0,0.0
541,P2,55,19804.0,0.0,0.0,0.0
542,P3,55,169.71569901227136,230.8920159061808,549.4423516111243,1047.9499334704235
543,P4,55,16648.0,0.0,0.0,0.0
544,P5,55,2456.0,0.0,0.0,0.0
545,P6,55,11286.195625073686,1940.6871379695665,1679.5668108421032,1299.550426114642
546,P7,55,11931.0,0.0,0.0,0.0
547,P8,55,1357.6723999058806,1232.5525204914572,1915.3522474640467,2431.422832138613
548,P9,55,2900.38603425835,1664.0548582497804,1998.9653872216659,2025.5937202701957
549,P10,55,7944.0,0.0,0.0,0.0
550,P1,56,14473.0,0.0,0.0,0.0
551,P2,56,19804.0,0.0,0.0,0.0
552,P3,56,146.84682691136655,207.58248482584943,535.1820961151368,1108.3885921476472
553,P4,56,16648.0,0.0,0.0,0.0
554,P5,56,2456.0,0.0,0.0,0.0
555,P6,56,10713.049839540728,2125.69549590861,1882.9518892433853,1484.3027753072734
556,P7,56,11931.0,0.0,0.0,0.0
557,P8,56,1173.9897946853212,1169.7246216137253,1951.174004341293,2642.111579359658
558,P9,56,2569.624835852116,1662.005085006058,2111.8901662772387,2245.479912864579
559,P10,56,7944.0,0.0,0.0,0.0
560,P1,57,14473.0,0.0,0.0,0.0
561,P2,57,19804.0,0.0,0.0,0.0
562,P3,57,127.57305394299914,185.33976082904695,517.8285625076417,1167.2586227203121
563,P4,57,16648.0,0.0,0.0,0.0
564,P5,57,2456.0,0.0,0.0,0.0
565,P6,57,10103.130233030075,2310.4760032375425,2100.9662806083347,1691.4274831240457
566,P7,57,11931.0,0.0,0.0,0.0
567,P8,57,1012.1874881135373,1097.5820038627642,1970.4897881864958,2856.7407198372002
568,P9,57,2260.0294165122227,1639.1994873447397,2211.983264987954,2477.7878311550753
569,P10,57,7944.0,0.0,0.0,0.0
570,P1,58,14473.0,0.0,0.0,0.0
571,P2,58,19804.0,0.0,0.0,0.0
572,P3,58,111.37191487511805,164.47294773111864,497.93537279761046,1224.2197645961528
573,P4,58,16648.0,0.0,0.0,0.0
574,P5,58,2456.0,0.0,0.0,0.0
575,P6,58,9461.336785256812,2490.174250363297,2331.9551903889264,1922.5337739909626
576,P7,58,11931.0,0.0,0.0,0.0
577,P8,58,871.3041807128808,1018.9489104908678,1973.2523122585342,3073.4945965377146
578,P9,58,1974.8294920302449,1596.5595143577698,2296.505003308227,2721.1059903037503
579,P10,58,7944.0,0.0,0.0,0.0
580,P1,59,14473.0,0.0,0.0,0.0
581,P2,59,19804.0,0.0,0.0,0.0
582,P3,59,97.77159064251667,145.1786824174963,476.057071336097,1278.99265560389
583,P4,59,16648.0,0.0,0.0,0.0
584,P5,59,2456.0,0.0,0.0,0.0
585,P6,59,8794.233701340072,2659.242484207377,2573.474969518804,2179.0488449337445
586,P7,59,11931.0,0.0,0.0,0.0
587,P8,59,749.8599735998077,936.6033355057673,1959.984340008269,3290.5523508861534
588,P9,59,1716.0972942804754,1535.9798092359852,2363.201355815876,2973.7215406676555
589,P10,59,7944.0,0.0,0.0,0.0
590,P1,60,14473.0,0.0,0.0,0.0
591,P2,60,19804.0,0.0,0.0,0.0
592,P3,60,86.35668574784067,127.55785082867303,452.7265299726256,1331.3589334508606
593,P4,60,16648.0,0.0,0.0,0.0
594,P5,60,2456.0,0.0,0.0,0.0
595,P6,60,8109.946847694279,2811.680841011694,2822.2412197132107,2462.131091580813
596,P7,60,11931.0,0.0,0.0,0.0
597,P8,60,646.0456785626487,853.0969634417729,1931.706729708513,3506.150628287063
598,P9,60,1484.7331201330505,1460.148021536213,2410.4451685233266,3233.673689807402
599,P10,60,7944.0,0.0,0.0,0.0
600,P1,61,14473.0,0.0,0.0,0.0
601,P2,61,19804.0,0.0,0.0,0.0
602,P3,61,76.76858679263916,111.63437961813993,428.4381818413714,1381.1588517478494
603,P4,61,16648.0,0.0,0.0,0.0
604,P5,61,2456.0,0.0,0.0,0.0
605,P6,61,7417.904957111128,2941.386563392506,3074.1308537470964,2772.577625749266
606,P7,61,11931.0,0.0,0.0,0.0
607,P8,61,557.8943617629515,770.6288875531156,1889.8383821289312,3718.638368554999
608,P9,61,1280.559734380818,1372.2918029812029,2437.3258042930033,3498.8226583449677
609,P10,61,7944.0,0.0,0.0,0.0
610,P1,62,14473.0,0.0,0.0,0.0
611,P2,62,19804.0,0.0,0.0,0.0
612,P3,62,68.70232506265657,97.37376542449454,403.6368577624485,1428.2870517504002
613,P4,62,16648.0,0.0,0.0,0.0
614,P5,62,2456.0,0.0,0.0,0.0
615,P6,62,6728.421485284568,3042.592722540565,3324.253772513417,3110.732019661447
616,P7,62,11931.0,0.0,0.0,0.0
617,P8,62,483.42098894528607,690.976482860158,1836.0819376053719,3926.5205905891817
618,P9,62,1102.499514398628,1275.8936623671525,2443.6783264170135,3766.9284968171983
619,P10,62,7944.0,0.0,0.0,0.0
620,P1,63,14473.0,0.0,0.0,0.0
621,P2,63,19804.0,0.0,0.0,0.0
622,P3,63,61.90148051884283,84.69985688340937,378.7115564934781,1472.6871061042696
623,P4,63,16648.0,0.0,0.0,0.0
624,P5,63,2456.0,0.0,0.0,0.0
625,P6,63,6052.139833568932,3110.355829748088,3567.104402045054,3476.399934637923
626,P7,63,11931.0,0.0,0.0,0.0
627,P8,63,420.72468397624107,615.4774912571713,1772.3082210408124,4128.489603725772
628,P9,63,948.798787605242,1174.415656687108,2430.0524429845727,4035.73311272307
629,P10,63,7944.0,0.0,0.0,0.0
630,P1,64,14473.0,0.0,0.0,0.0
631,P2,64,19804.0,0.0,0.0,0.0
632,P3,64,56.15224380317445,73.50912222239587,353.99325665587736,1514.3453773185522
633,P4,64,16648.0,0.0,0.0,0.0
634,P5,64,2456.0,0.0,0.0,0.0
635,P6,64,5399.392630394996,3141.031866972407,3796.7940837697156,3868.7814188628786
636,P7,64,11931.0,0.0,0.0,0.0
637,P8,64,368.0548886842004,545.0517882977778,1700.4498149777573,4323.443508040262
638,P9,64,817.2632074744643,1071.068105480464,2397.6298055936913,4303.038881451373
639,P10,64,7944.0,0.0,0.0,0.0
640,P1,65,14473.0,0.0,0.0,0.0
641,P2,65,19804.0,0.0,0.0,0.0
642,P3,65,51.27737760213038,63.68216397896077,329.75582286821003,1553.2846355506988
643,P4,65,16648.0,0.0,0.0,0.0
644,P5,65,2456.0,0.0,0.0,0.0
645,P6,65,4779.548919573916,3132.6692043990056,4007.3531079495283,4286.428768077547
646,P7,65,11931.0,0.0,0.0,0.0
647,P8,65,323.8468960348265,480.2494232875961,1622.4106929897596,4510.492987687815
648,P9,65,705.4745980466637,968.6430938121719,2348.104148074478,4566.7781600666785
649,P10,65,7944.0,0.0,0.0,0.0
650,P1,66,14473.0,0.0,0.0,0.0
651,P2,66,19804.0,0.0,0.0,0.0
652,P3,66,47.130522354682896,55.0925864306161,306.2191151484991,1589.557776066202
653,P4,66,16648.0,0.0,0.0,0.0
654,P5,66,2456.0,0.0,0.0,0.0
655,P6,66,4200.433980258159,3085.2503028349615,4193.078106954881,4727.237609951995
656,P7,66,11931.0,0.0,0.0,0.0
657,P8,66,286.73399321818556,421.3124414467178,1539.9954014184052,4688.958163916688
658,P9,66,610.9701578653937,869.4189152310074,2283.5413105487196,4825.069616354871
659,P10,66,7944.0,0.0,0.0,0.0
660,P1,67,14473.0,0.0,0.0,0.0
661,P2,67,19804.0,0.0,0.0,0.0
662,P3,67,43.591077531134644,47.61351396804113,283.55352976828743,1623.2418787325369
663,P4,67,16648.0,0.0,0.0,0.0
664,P5,67,2456.0,0.0,0.0,0.0
665,P6,67,3667.899955604227,3000.734266921901,4348.889575756836,5188.476201717032
666,P7,67,11931.0,0.0,0.0,0.0
667,P8,67,255.5434461253057,368.24050025025406,1454.8583955517242,4858.357658072713
668,P9,67,531.3757881426008,775.1295019075989,2206.235549434562,5076.25916051523
669,P10,67,7944.0,0.0,0.0,0.0
670,P1,68,14473.0,0.0,0.0,0.0
671,P2,68,19804.0,0.0,0.0,0.0
672,P3,68,40.55974724526148,41.122141460306075,261.88534428738404,1654.4327670070484
673,P4,68,16648.0,0.0,0.0,0.0
674,P5,68,2456.0,0.0,0.0,0.0
675,P6,68,3185.6012377155052,2882.886131426243,4470.658575807965,5666.854055050284
676,P7,68,11931.0,0.0,0.0,0.0
677,P8,68,229.2825309268663,320.8533153986426,1368.4720720910855,5018.392081583403
678,P9,68,464.4941167704484,686.9852728982314,2118.57553937828,5318.945070953032
679,P10,68,7944.0,0.0,0.0,0.0
680,P1,69,14473.0,0.0,0.0,0.0
681,P2,69,19804.0,0.0,0.0,0.0
682,P3,69,37.954751423413654,35.50270899009268,241.30238470783303,1683.2401548786606
683,P4,69,16648.0,0.0,0.0,0.0
684,P5,69,2456.0,0.0,0.0,0.0
685,P6,69,2754.992179877441,2736.9179629790588,4555.463358754338,6158.62649838916
686,P7,69,11931.0,0.0,0.0,0.0
687,P8,69,207.11939085277507,278.8457923930053,1282.1108072407947,5168.924009513422
688,P9,69,408.3534393635622,605.7288957254713,2022.9292846263156,5551.9883802846425
689,P10,69,7944.0,0.0,0.0,0.0
690,P1,70,14473.0,0.0,0.0,0.0
691,P2,70,19804.0,0.0,0.0,0.0
692,P3,70,35.70865517995182,30.648263435535974,221.85966418798992,1709.7834171965224
693,P4,70,16648.0,0.0,0.0,0.0
694,P5,70,2456.0,0.0,0.0,0.0
695,P6,70,2375.5259139726927,2569.000636287995,4601.745981887172,6659.727467852137
696,P7,70,11931.0,0.0,0.0,0.0
697,P8,70,188.362074346112,241.8339504210673,1196.8477769229082,5309.956198309909
698,P9,70,361.2263740272542,531.710181916685,1921.5528424625152,5774.510601593537
699,P10,70,7944.0,0.0,0.0,0.0
700,P1,71,14473.0,0.0,0.0,0.0
701,P2,71,19804.0,0.0,0.0,0.0
702,P3,71,33.76574626055936,26.461519667821236,203.58475381441824,1734.1879802572012
703,P4,71,16648.0,0.0,0.0,0.0
704,P5,71,2456.0,0.0,0.0,0.0
705,P6,71,2045.0021729846994,2385.7242500183893,4609.354051137182,7165.9195258597265
706,P7,71,11931.0,0.0,0.0,0.0
707,P8,71,172.43790573295234,209.3913289500135,1113.5613115456017,5441.609453771429
708,P9,71,321.6272789947238,464.96724056587846,1816.5240661749756,5985.881414264414
709,P10,71,7944.0,0.0,0.0,0.0
710,P1,72,14473.0,0.0,0.0,0.0
711,P2,72,19804.0,0.0,0.0,0.0
712,P3,72,32.07988356861247,22.855078426203878,186.48273482839647,1756.5823031767873
713,P4,72,16648.0,0.0,0.0,0.0
714,P5,72,2456.0,0.0,0.0,0.0
715,P6,72,1759.9961175231808,2193.58545547623,4579.4699555157695,7672.948471484817
716,P7,72,11931.0,0.0,0.0,0.0
717,P8,72,158.8744217442829,181.07654714868025,1032.9478330655882,5564.101198041445
718,P9,72,288.2963429847317,405.3047284626948,1709.699867008904,6185.699061543662
719,P10,72,7944.0,0.0,0.0,0.0
720,P1,73,14473.0,0.0,0.0,0.0
721,P2,73,19804.0,0.0,0.0,0.0
722,P3,73,30.61274204397925,19.75120426559633,170.54064968251365,1777.095404007911
723,P4,73,16648.0,0.0,0.0,0.0
724,P5,73,2456.0,0.0,0.0,0.0
725,P6,73,1516.3008085270876,1998.563673377077,4514.445351504281,8176.690166591551
726,P7,73,11931.0,0.0,0.0,0.0
727,P8,73,147.28246485536124,156.45319460786587,955.5388808581095,5677.72545967866
728,P9,73,260.17652607502475,352.36359967986283,1602.6938273304636,6373.766046914641
729,P10,73,7944.0,0.0,0.0,0.0
730,P1,74,14473.0,0.0,0.0,0.0
731,P2,74,19804.0,0.0,0.0,0.0
732,P3,74,29.33238604337651,17.081319413079804,155.7314190705564,1795.8548754729875
733,P4,74,16648.0,0.0,0.0,0.0
734,P5,74,2456.0,0.0,0.0,0.0
735,P6,74,1309.3295635003522,1805.822183728397,4417.569097514225,8673.279155257022
736,P7,74,11931.0,0.0,0.0,0.0
737,P8,74,137.34160863472138,135.10341190693254,881.7202428852906,5782.8347365730515
738,P9,74,236.3877470489687,305.67965876994634,1496.8702262600852,6550.062367920992
739,P10,74,7944.0,0.0,0.0,0.0
740,P1,75,14473.0,0.0,0.0,0.0
741,P2,75,19804.0,0.0,0.0,0.0
742,P3,75,28.212112114148482,14.78532945969187,142.01722685541117,1812.9853315707487
743,P4,75,16648.0,0.0,0.0,0.0
744,P5,75,2456.0,0.0,0.0,0.0
745,P6,75,1134.4445597419501,1619.5427507411196,4292.80093353334,9159.211755983586
746,P7,75,11931.0,0.0,0.0,0.0
747,P8,75,128.7878433908703,116.6364947693971,811.7516985492952,5879.823963290433
748,P9,75,216.2011744094242,264.7302996555016,1393.350433125465,6714.718092809601
749,P10,75,7944.0,0.0,0.0,0.0
750,P1,76,14473.0,0.0,0.0,0.0
751,P2,76,19804.0,0.0,0.0,0.0
752,P3,76,27.229511061180112,12.810864620721867,129.3523977932543,1828.607226524844
753,P4,76,16648.0,0.0,0.0,0.0
754,P5,76,2456.0,0.0,0.0,0.0
755,P6,76,987.1982999677917,1442.880460367054,4144.501380992897,9631.419858672254
756,P7,76,11931.0,0.0,0.0,0.0
757,P8,76,121.40332013784027,100.69371906854772,745.7863106627522,5969.116650130856
758,P9,76,199.01529013852576,228.9701239952997,1293.0279454127642,6867.986640453402
759,P10,76,7944.0,0.0,0.0,0.0
760,P1,77,14473.0,0.0,0.0,0.0
761,P2,77,19804.0,0.0,0.0,0.0
762,P3,77,26.365707633859902,11.112495123897702,117.68580696014071,1842.8359902821019
763,P4,77,16648.0,0.0,0.0,0.0
764,P5,77,2456.0,0.0,0.0,0.0
765,P6,77,863.4905428661089,1278.0121253953262,3977.182321157089,10087.315010581473
766,P7,77,11931.0,0.0,0.0,0.0
767,P8,77,115.0078959239688,86.95039946870963,683.888560303559,6051.153144303759
768,P9,77,184.33455401794873,197.85683531681678,1196.5888962164202,7010.219714448806
769,P10,77,7944.0,0.0,0.0,0.0
770,P1,78,14473.0,0.0,0.0,0.0
771,P2,78,19804.0,0.0,0.0,0.0
772,P3,78,25.60474362300239,9.650960109975674,106.96286721930477,1855.7814290477174
773,P4,78,16648.0,0.0,0.0,0.0
774,P5,78,2456.0,0.0,0.0,0.0
775,P6,78,759.6532562086377,1126.2469869737322,3795.2946909088746,10524.805065908753
776,P7,78,11931.0,0.0,0.0,0.0
777,P8,78,109.45221387988312,75.1160016190534,626.0508985639094,6126.380885937151
778,P9,78,171.75094551193257,170.86907675946958,1104.5354846959774,7141.844493032612
779,P10,78,7944.0,0.0,0.0,0.0
780,P1,79,14473.0,0.0,0.0,0.0
781,P2,79,19804.0,0.0,0.0,0.0
782,P3,79,24.933076541799956,8.39243516918297,97.12714384717638,1867.547344441841
783,P4,79,16648.0,0.0,0.0,0.0
784,P5,79,2456.0,0.0,0.0,0.0
785,P6,79,672.4804248247096,988.1704209629138,3603.0616723036446,10942.28748190873
786,P7,79,11931.0,0.0,0.0,0.0
787,P8,79,104.61206657468463,64.93294860044121,572.20850004569,6195.246484779181
788,P9,79,160.92832858498795,147.51787833452028,1017.2103967313138,7263.34339634917
789,P10,79,7944.0,0.0,0.0,0.0
790,P1,80,14473.0,0.0,0.0,0.0
791,P2,80,19804.0,0.0,0.0,0.0
792,P3,80,24.33917140126154,7.30785327588479,88.12164505782357,1878.2313302650305
793,P4,80,16648.0,0.0,0.0,0.0
794,P5,80,2456.0,0.0,0.0,0.0
795,P6,80,599.2196363766294,863.7971252184112,3404.3589725428265,11338.62426586213
796,P7,80,11931.0,0.0,0.0,0.0
797,P8,80,100.38381838185254,56.174607073185065,522.2521547607523,6258.189419784207
798,P9,80,151.58940615013302,127.35322510247116,934.8208287577734,7375.236539989614
799,P10,80,7944.0,0.0,0.0,0.0
800,P1,81,14473.0,0.0,0.0,0.0
801,P2,81,19804.0,0.0,0.0,0.0
802,P3,81,23.813167480651174,6.3722865413182,79.88983475663994,1887.9247112213911
803,P4,81,16648.0,0.0,0.0,0.0
804,P5,81,2456.0,0.0,0.0,0.0
805,P6,81,537.5400247911001,752.7173117602583,3202.6389106067977,11713.103752841842
806,P7,81,11931.0,0.0,0.0,0.0
807,P8,81,96.68069367780367,48.642810362596904,476.0393391517066,6315.637156807889
808,P9,81,143.50495187126452,109.9670343608454,857.4611826149126,7478.06683115297
809,P10,81,7944.0,0.0,0.0,0.0
810,P1,82,14473.0,0.0,0.0,0.0
811,P2,82,19804.0,0.0,0.0,0.0
812,P3,82,23.34660556504552,5.564391148660212,72.37641024167318,1896.7125930446216
813,P4,82,16648.0,0.0,0.0,0.0
814,P5,82,2456.0,0.0,0.0,0.0
815,P6,82,485.4878321644054,654.2260420349014,3000.8920927921017,12065.39403300859
816,P7,82,11931.0,0.0,0.0,0.0
817,P8,82,93.42976840343665,42.165173564444544,433.40357391753827,6368.001484114577
818,P9,82,136.48498870746326,94.99359065247758,785.1338593994412,7572.38756124061
819,P10,82,7944.0,0.0,0.0,0.0
820,P1,83,14473.0,0.0,0.0,0.0
821,P2,83,19804.0,0.0,0.0,0.0
822,P3,83,22.932204005465007,4.865914478508685,65.52788334482118,1904.6739981712055
823,P4,83,16648.0,0.0,0.0,0.0
824,P5,83,2456.0,0.0,0.0,0.0
825,P6,83,441.4375216388234,567.4311441535032,2801.639170991951,12395.49216321572
826,P7,83,11931.0,0.0,0.0,0.0
827,P8,83,90.56953057544108,36.59237667955121,394.16221549949796,6415.675877245506
828,P9,83,130.3715991268776,82.1082621025677,717.7678529959982,7658.752285774549
829,P10,83,7944.0,0.0,0.0,0.0
830,P1,84,14473.0,0.0,0.0,0.0
831,P2,84,19804.0,0.0,0.0,0.0
832,P3,84,22.563674272449102,4.261261315822853,59.292999072592586,1911.8820653391358
833,P4,84,16648.0,0.0,0.0,0.0
834,P5,84,2456.0,0.0,0.0,0.0
835,P6,84,404.04354165839777,491.3388953032282,2606.945091013537,12703.672472024835
836,P7,84,11931.0,0.0,0.0,0.0
837,P8,84,88.0478998206625,31.79553209841955,358.1228471304634,6459.0337209504505
838,P9,84,125.03308405288676,71.02512475604502,655.2350415869519,7737.706749604109
839,P10,84,7944.0,0.0,0.0,0.0
840,P1,85,14473.0,0.0,0.0,0.0
841,P2,85,19804.0,0.0,0.0,0.0
842,P3,85,22.23556852686442,3.737114798242966,53.623021437771975,1918.404295237121
843,P4,85,16648.0,0.0,0.0,0.0
844,P5,85,2456.0,0.0,0.0,0.0
845,P6,85,372.1956784925196,424.9189794084607,2418.4489100626934,12990.436432036324
846,P7,85,11931.0,0.0,0.0,0.0
847,P8,85,85.82061675332208,27.663708746076047,325.0884403657964,6498.427234134801
848,P9,85,120.35922581161564,61.49395804610714,597.3642119635962,7809.782604178674
849,P10,85,7944.0,0.0,0.0,0.0
850,P1,86,14473.0,0.0,0.0,0.0
851,P2,86,19804.0,0.0,0.0,0.0
852,P3,86,21.943153211438705,3.2821071540200877,48.471912039265646,1924.3028275952759
853,P4,86,16648.0,0.0,0.0,0.0
854,P5,86,2456.0,0.0,0.0,0.0
855,P6,86,344.9794157404317,367.15144627885644,2237.4033258374893,13256.46581214322
856,P7,86,11931.0,0.0,0.0,0.0
857,P8,86,83.8499302431205,24.101653507062426,294.861453674774,6534.186962575039
858,P9,86,116.25744864326576,53.29694360523559,543.952940256822,7875.492667494669
859,P10,86,7944.0,0.0,0.0,0.0
860,P1,87,14473.0,0.0,0.0,0.0
861,P2,87,19804.0,0.0,0.0,0.0
862,P3,87,21.68230384695362,2.886535087701157,43.796423145750445,1929.6347379195952
863,P4,87,16648.0,0.0,0.0,0.0
864,P5,87,2456.0,0.0,0.0,0.0
865,P6,87,321.6417343174818,317.0588384460351,2064.7192492511367,13502.580177985345
866,P7,87,11931.0,0.0,0.0,0.0
867,P8,87,82.1035247309701,21.02772831780034,267.24702447196137,6566.621722479264
868,P9,87,112.64970563500312,46.24529789245111,494.7775055496187,7935.327490922919
869,P10,87,7944.0,0.0,0.0,0.0
870,P1,88,14473.0,0.0,0.0,0.0
871,P2,88,19804.0,0.0,0.0,0.0
872,P3,88,21.449417158521488,2.5421147585930566,39.55612361725813,1934.4523444656277
873,P4,88,16648.0,0.0,0.0,0.0
874,P5,88,2456.0,0.0,0.0,0.0
875,P6,88,301.5621994969317,273.7266055773781,1901.0118995227187,13729.69929540297
876,P7,88,11931.0,0.0,0.0,0.0
877,P8,88,80.55364119130225,18.37206619390811,242.05539744360567,6596.018895171179
878,P9,88,109.46995190651982,40.17599204244418,449.60103951765086,7989.753016533377
879,P10,88,7944.0,0.0,0.0,0.0
880,P1,89,14473.0,0.0,0.0,0.0
881,P2,89,19804.0,0.0,0.0,0.0
882,P3,89,21.24133740859461,2.2417715568013223,35.71337297107835,1938.803518063526
883,P4,89,16648.0,0.0,0.0,0.0
884,P5,89,2456.0,0.0,0.0,0.0
885,P6,89,284.2288703874626,236.3146135713716,1746.6459116906954,13938.810604350469
886,P7,89,11931.0,0.0,0.0,0.0
887,P8,89,79.1763545572091,16.074939589219646,219.10371696359067,6622.644988889975
888,P9,89,106.66209021775185,34.94865532272331,408.1801235791981,8039.209130880319
889,P10,89,7944.0,0.0,0.0,0.0
890,P1,90,14473.0,0.0,0.0,0.0
891,P2,90,19804.0,0.0,0.0,0.0
892,P3,90,21.055294413306296,1.9794602407293724,32.23325625562,1942.7319890903448
893,P4,90,16648.0,0.0,0.0,0.0
894,P5,90,2456.0,0.0,0.0,0.0
895,P6,90,269.2184344206049,204.062126823955,1601.7777841189932,14130.941654636445
896,P7,90,11931.0,0.0,0.0,0.0
897,P8,90,77.9509778160004,14.08532841258441,198.21729601543962,6646.74639775597
898,P9,90,104.1782970949802,30.44271738095031,370.27004105003095,8084.108944474031
899,P10,90,7944.0,0.0,0.0,0.0
900,P1,91,14473.0,0.0,0.0,0.0
901,P2,91,19804.0,0.0,0.0,0.0
902,P3,91,20.888851198502895,1.7500114073868998,29.083490115647674,1946.277647278463
903,P4,91,16648.0,0.0,0.0,0.0
904,P5,91,2456.0,0.0,0.0,0.0
905,P6,91,256.1799441952681,176.28819168450082,1466.394653230695,14307.137210889534
906,P7,91,11931.0,0.0,0.0,0.0
907,P8,91,76.85956889257831,12.359671653489626,179.23045913625813,6668.550300317668
908,P9,91,101.97765555958358,26.55481544015686,335.6288800107176,8124.838648989535
909,P10,91,7944.0,0.0,0.0,0.0
910,P1,92,14473.0,0.0,0.0,0.0
911,P2,92,19804.0,0.0,0.0,0.0
912,P3,92,20.73985963608755,1.5490006883248642,26.23430848440381,1949.4768311911844
913,P4,92,16648.0,0.0,0.0,0.0
914,P5,92,2456.0,0.0,0.0,0.0
915,P6,92,244.82156821031742,152.38892933255133,1340.3488797122186,14468.44062274491
916,P7,92,11931.0,0.0,0.0,0.0
917,P8,92,75.88652115542976,10.860785059940255,161.98704296196766,6688.265650822656
918,P9,92,100.02503515003939,23.196472761669682,304.02066629757,8161.7578257907135
919,P10,92,7944.0,0.0,0.0,0.0
920,P1,93,14473.0,0.0,0.0,0.0
921,P2,93,19804.0,0.0,0.0,0.0
922,P3,93,20.60642270963509,1.372637477112351,23.658334688784365,1952.3626051244687
923,P4,93,16648.0,0.0,0.0,0.0
924,P5,93,2456.0,0.0,0.0,0.0
925,P6,93,234.89982970647668,131.83288196988178,1223.388288810385,14615.878999513256
926,P7,93,11931.0,0.0,0.0,0.0
927,P8,93,75.01822214293257,9.5569270604494,146.34062524813928,6706.084225548473
928,P9,93,98.29017170399807,20.292041655377066,275.21768755717125,8195.200099083446
929,P10,93,7944.0,0.0,0.0,0.0
930,P1,94,14473.0,0.0,0.0,0.0
931,P2,94,19804.0,0.0,0.0,0.0
932,P3,94,20.486862306156848,1.2176703851681219,21.330445368440554,1954.965021940235
933,P4,94,16648.0,0.0,0.0,0.0
934,P5,94,2456.0,0.0,0.0,0.0
935,P6,94,226.21088034536572,114.15525493701637,1115.1821534352189,14750.451711282398
936,P7,94,11931.0,0.0,0.0,0.0
937,P8,94,74.24276810929176,8.420995682000326,132.15454188293384,6722.181694325768
938,P9,94,96.74690881596382,17.776896212335895,249.00215025695783,8225.474044714734
939,P10,94,7944.0,0.0,0.0,0.0
940,P1,95,14473.0,0.0,0.0,0.0
941,P2,95,19804.0,0.0,0.0,0.0
942,P3,95,20.37969163066926,1.0813069836220845,19.227630454945718,1957.3113709307634
943,P4,95,16648.0,0.0,0.0,0.0
944,P5,95,2456.0,0.0,0.0,0.0
945,P6,95,218.58342724341148,98.95165705156734,1015.3431675447481,14873.121748160273
946,P7,95,11931.0,0.0,0.0,0.0
947,P8,95,73.54972438524301,7.429840269649003,119.30174141221119,6736.718693932891
948,P9,95,95.37257044366372,15.59585534216881,225.16729297115964,8252.864281242999
949,P10,95,7944.0,0.0,0.0,0.0
950,P1,96,14473.0,0.0,0.0,0.0
951,P2,96,19804.0,0.0,0.0,0.0
952,P3,96,20.2835915015724,0.9611457159945278,17.328852501626105,1959.4264102808074
953,P4,96,16648.0,0.0,0.0,0.0
954,P5,96,2456.0,0.0,0.0,0.0
955,P6,96,211.87299759999823,85.87175528466712,923.4457505251393,14984.809496590195
956,P7,96,11931.0,0.0,0.0,0.0
957,P8,96,72.92992346297426,6.563673137987958,107.66451791079776,6749.841885488235
958,P9,96,94.14744017004101,13.701814547357761,203.51806181276584,8277.632683469827
959,P10,96,7944.0,0.0,0.0,0.0
960,P1,97,14473.0,0.0,0.0,0.0
961,P2,97,19804.0,0.0,0.0,0.0
962,P3,97,20.19738991547948,0.8551181588885415,15.614907869646139,1961.3325840559862
963,P4,97,16648.0,0.0,0.0,0.0
964,P5,97,2456.0,0.0,0.0,0.0
965,P6,97,205.95728259015476,74.61311923757717,839.0410690243074,15086.38852914796
966,P7,97,11931.0,0.0,0.0,0.0
967,P8,97,72.37529424646178,5.805567726902853,97.13415556820759,6761.684982458422
968,P9,97,93.05432744113897,12.05456436678825,183.87143792283314,8300.01967026923
969,P10,97,7944.0,0.0,0.0,0.0
970,P1,98,14473.0,0.0,0.0,0.0
971,P2,98,19804.0,0.0,0.0,0.0
972,P3,98,20.120044376169474,0.7614400664208385,14.068291635762773,1963.0502239216473
973,P4,98,16648.0,0.0,0.0,0.0
974,P5,98,2456.0,0.0,0.0,0.0
975,P6,98,200.7323508924308,64.9154270877857,761.669175279149,15178.683046740634
976,P7,98,11931.0,0.0,0.0,0.0
977,P8,98,71.8787171361246,5.14103129185946,87.61051200108533,6772.369739570925
978,P9,98,92.07820493958387,10.6197739949857,166.05649262467915,8320.245528440742
979,P10,98,7944.0,0.0,0.0,0.0
980,P1,99,14473.0,0.0,0.0,0.0
981,P2,99,19804.0,0.0,0.0,0.0
982,P3,99,20.050626568619858,0.6785698606862884,12.673067569113035,1964.5977360015813
983,P4,99,16648.0,0.0,0.0,0.0
984,P5,99,2456.0,0.0,0.0,0.0
985,P6,99,196.1095626882792,56.555129874380135,690.8686514159998,15262.46665602134
986,P7,99,11931.0,0.0,0.0,0.0
987,P8,99,71.43390060260353,4.557641567008652,79.00156193933783,6782.006895891044
988,P9,99,91.20590431761072,9.368119817961713,149.91423323496159,8338.511742629456
989,P10,99,7944.0,0.0,0.0,0.0
